case_id,used_members,missing_members,n_members,prediction
ATLAS_0007,topk10;default1000;resenc_l,,3,/scratch/users/sciget/isles26challenge/work/nnunet_mapping3_oof_ensemble/folds/fold_0/ATLAS_0007.nii.gz
ATLAS_0008,topk10;default1000;resenc_l,,3,/scratch/users/sciget/isles26challenge/work/nnunet_mapping3_oof_ensemble/folds/fold_0/ATLAS_0008.nii.gz
ATLAS_0012,topk10;default1000;resenc_l,,3,/scratch/users/sciget/isles26challenge/work/nnunet_mapping3_oof_ensemble/folds/fold_0/ATLAS_0012.nii.gz
ATLAS_0013,topk10;default1000;resenc_l,,3,/scratch/users/sciget/isles26challenge/work/nnunet_mapping3_oof_ensemble/folds/fold_0/ATLAS_0013.nii.gz
ATLAS_0020,topk10;default1000;resenc_l,,3,/scratch/users/sciget/isles26challenge/work/nnunet_mapping3_oof_ensemble/folds/fold_0/ATLAS_0020.nii.gz
ATLAS_0024,topk10;default1000;resenc_l,,3,/scratch/users/sciget/isles26challenge/work/nnunet_mapping3_oof_ensemble/folds/fold_0/ATLAS_0024.nii.gz
ATLAS_0029,topk10;default1000;resenc_l,,3,/scratch/users/sciget/isles26challenge/work/nnunet_mapping3_oof_ensemble/folds/fold_0/ATLAS_0029.nii.gz
ATLAS_0031,topk10;default1000;resenc_l,,3,/scratch/users/sciget/isles26challenge/work/nnunet_mapping3_oof_ensemble/folds/fold_0/ATLAS_0031.nii.gz
ATLAS_0041,topk10;default1000;resenc_l,,3,/scratch/users/sciget/isles26challenge/work/nnunet_mapping3_oof_ensemble/folds/fold_0/ATLAS_0041.nii.gz
ATLAS_0046,topk10;default1000;resenc_l,,3,/scratch/users/sciget/isles26challenge/work/nnunet_mapping3_oof_ensemble/folds/fold_0/ATLAS_0046.nii.gz
ATLAS_0051,topk10;default1000;resenc_l,,3,/scratch/users/sciget/isles26challenge/work/nnunet_mapping3_oof_ensemble/folds/fold_0/ATLAS_0051.nii.gz
ATLAS_0053,topk10;default1000;resenc_l,,3,/scratch/users/sciget/isles26challenge/work/nnunet_mapping3_oof_ensemble/folds/fold_0/ATLAS_0053.nii.gz
ATLAS_0060,topk10;default1000;resenc_l,,3,/scratch/users/sciget/isles26challenge/work/nnunet_mapping3_oof_ensemble/folds/fold_0/ATLAS_0060.nii.gz
ATLAS_0067,topk10;default1000;resenc_l,,3,/scratch/users/sciget/isles26challenge/work/nnunet_mapping3_oof_ensemble/folds/fold_0/ATLAS_0067.nii.gz
ATLAS_0070,topk10;default1000;resenc_l,,3,/scratch/users/sciget/isles26challenge/work/nnunet_mapping3_oof_ensemble/folds/fold_0/ATLAS_0070.nii.gz
ATLAS_0076,topk10;default1000;resenc_l,,3,/scratch/users/sciget/isles26challenge/work/nnunet_mapping3_oof_ensemble/folds/fold_0/ATLAS_0076.nii.gz
ATLAS_0082,topk10;default1000;resenc_l,,3,/scratch/users/sciget/isles26challenge/work/nnunet_mapping3_oof_ensemble/folds/fold_0/ATLAS_0082.nii.gz
ATLAS_0087,topk10;default1000;resenc_l,,3,/scratch/users/sciget/isles26challenge/work/nnunet_mapping3_oof_ensemble/folds/fold_0/ATLAS_0087.nii.gz
ATLAS_0094,topk10;default1000;resenc_l,,3,/scratch/users/sciget/isles26challenge/work/nnunet_mapping3_oof_ensemble/folds/fold_0/ATLAS_0094.nii.gz
ATLAS_0098,topk10;default1000;resenc_l,,3,/scratch/users/sciget/isles26challenge/work/nnunet_mapping3_oof_ensemble/folds/fold_0/ATLAS_0098.nii.gz
ATLAS_0102,topk10;default1000;resenc_l,,3,/scratch/users/sciget/isles26challenge/work/nnunet_mapping3_oof_ensemble/folds/fold_0/ATLAS_0102.nii.gz
ATLAS_0113,topk10;default1000;resenc_l,,3,/scratch/users/sciget/isles26challenge/work/nnunet_mapping3_oof_ensemble/folds/fold_0/ATLAS_0113.nii.gz
ATLAS_0114,topk10;default1000;resenc_l,,3,/scratch/users/sciget/isles26challenge/work/nnunet_mapping3_oof_ensemble/folds/fold_0/ATLAS_0114.nii.gz
ATLAS_0115,topk10;default1000;resenc_l,,3,/scratch/users/sciget/isles26challenge/work/nnunet_mapping3_oof_ensemble/folds/fold_0/ATLAS_0115.nii.gz
ATLAS_0121,topk10;default1000;resenc_l,,3,/scratch/users/sciget/isles26challenge/work/nnunet_mapping3_oof_ensemble/folds/fold_0/ATLAS_0121.nii.gz
ATLAS_0123,topk10;default1000;resenc_l,,3,/scratch/users/sciget/isles26challenge/work/nnunet_mapping3_oof_ensemble/folds/fold_0/ATLAS_0123.nii.gz
ATLAS_0128,topk10;default1000;resenc_l,,3,/scratch/users/sciget/isles26challenge/work/nnunet_mapping3_oof_ensemble/folds/fold_0/ATLAS_0128.nii.gz
ATLAS_0138,topk10;default1000;resenc_l,,3,/scratch/users/sciget/isles26challenge/work/nnunet_mapping3_oof_ensemble/folds/fold_0/ATLAS_0138.nii.gz
ATLAS_0139,topk10;default1000;resenc_l,,3,/scratch/users/sciget/isles26challenge/work/nnunet_mapping3_oof_ensemble/folds/fold_0/ATLAS_0139.nii.gz
ATLAS_0142,topk10;default1000;resenc_l,,3,/scratch/users/sciget/isles26challenge/work/nnunet_mapping3_oof_ensemble/folds/fold_0/ATLAS_0142.nii.gz
ATLAS_0145,topk10;default1000;resenc_l,,3,/scratch/users/sciget/isles26challenge/work/nnunet_mapping3_oof_ensemble/folds/fold_0/ATLAS_0145.nii.gz
ATLAS_0160,topk10;default1000;resenc_l,,3,/scratch/users/sciget/isles26challenge/work/nnunet_mapping3_oof_ensemble/folds/fold_0/ATLAS_0160.nii.gz
ATLAS_0168,topk10;default1000;resenc_l,,3,/scratch/users/sciget/isles26challenge/work/nnunet_mapping3_oof_ensemble/folds/fold_0/ATLAS_0168.nii.gz
ATLAS_0170,topk10;default1000;resenc_l,,3,/scratch/users/sciget/isles26challenge/work/nnunet_mapping3_oof_ensemble/folds/fold_0/ATLAS_0170.nii.gz
ATLAS_0174,topk10;default1000;resenc_l,,3,/scratch/users/sciget/isles26challenge/work/nnunet_mapping3_oof_ensemble/folds/fold_0/ATLAS_0174.nii.gz
ATLAS_0177,topk10;default1000;resenc_l,,3,/scratch/users/sciget/isles26challenge/work/nnunet_mapping3_oof_ensemble/folds/fold_0/ATLAS_0177.nii.gz
ATLAS_0180,topk10;default1000;resenc_l,,3,/scratch/users/sciget/isles26challenge/work/nnunet_mapping3_oof_ensemble/folds/fold_0/ATLAS_0180.nii.gz
ATLAS_0184,topk10;default1000;resenc_l,,3,/scratch/users/sciget/isles26challenge/work/nnunet_mapping3_oof_ensemble/folds/fold_0/ATLAS_0184.nii.gz
ATLAS_0185,topk10;default1000;resenc_l,,3,/scratch/users/sciget/isles26challenge/work/nnunet_mapping3_oof_ensemble/folds/fold_0/ATLAS_0185.nii.gz
ATLAS_0186,topk10;default1000;resenc_l,,3,/scratch/users/sciget/isles26challenge/work/nnunet_mapping3_oof_ensemble/folds/fold_0/ATLAS_0186.nii.gz
ATLAS_0199,topk10;default1000;resenc_l,,3,/scratch/users/sciget/isles26challenge/work/nnunet_mapping3_oof_ensemble/folds/fold_0/ATLAS_0199.nii.gz
ATLAS_0200,topk10;default1000;resenc_l,,3,/scratch/users/sciget/isles26challenge/work/nnunet_mapping3_oof_ensemble/folds/fold_0/ATLAS_0200.nii.gz
ATLAS_0216,topk10;default1000;resenc_l,,3,/scratch/users/sciget/isles26challenge/work/nnunet_mapping3_oof_ensemble/folds/fold_0/ATLAS_0216.nii.gz
ATLAS_0219,topk10;default1000;resenc_l,,3,/scratch/users/sciget/isles26challenge/work/nnunet_mapping3_oof_ensemble/folds/fold_0/ATLAS_0219.nii.gz
ATLAS_0229,topk10;default1000;resenc_l,,3,/scratch/users/sciget/isles26challenge/work/nnunet_mapping3_oof_ensemble/folds/fold_0/ATLAS_0229.nii.gz
ATLAS_0230,topk10;default1000;resenc_l,,3,/scratch/users/sciget/isles26challenge/work/nnunet_mapping3_oof_ensemble/folds/fold_0/ATLAS_0230.nii.gz
ATLAS_0231,topk10;default1000;resenc_l,,3,/scratch/users/sciget/isles26challenge/work/nnunet_mapping3_oof_ensemble/folds/fold_0/ATLAS_0231.nii.gz
ATLAS_0238,topk10;default1000;resenc_l,,3,/scratch/users/sciget/isles26challenge/work/nnunet_mapping3_oof_ensemble/folds/fold_0/ATLAS_0238.nii.gz
ATLAS_0240,topk10;default1000;resenc_l,,3,/scratch/users/sciget/isles26challenge/work/nnunet_mapping3_oof_ensemble/folds/fold_0/ATLAS_0240.nii.gz
ATLAS_0246,topk10;default1000;resenc_l,,3,/scratch/users/sciget/isles26challenge/work/nnunet_mapping3_oof_ensemble/folds/fold_0/ATLAS_0246.nii.gz
ATLAS_0248,topk10;default1000;resenc_l,,3,/scratch/users/sciget/isles26challenge/work/nnunet_mapping3_oof_ensemble/folds/fold_0/ATLAS_0248.nii.gz
ATLAS_0249,topk10;default1000;resenc_l,,3,/scratch/users/sciget/isles26challenge/work/nnunet_mapping3_oof_ensemble/folds/fold_0/ATLAS_0249.nii.gz
ATLAS_0251,topk10;default1000;resenc_l,,3,/scratch/users/sciget/isles26challenge/work/nnunet_mapping3_oof_ensemble/folds/fold_0/ATLAS_0251.nii.gz
ATLAS_0263,topk10;default1000;resenc_l,,3,/scratch/users/sciget/isles26challenge/work/nnunet_mapping3_oof_ensemble/folds/fold_0/ATLAS_0263.nii.gz
ATLAS_0265,topk10;default1000;resenc_l,,3,/scratch/users/sciget/isles26challenge/work/nnunet_mapping3_oof_ensemble/folds/fold_0/ATLAS_0265.nii.gz
ATLAS_0270,topk10;default1000;resenc_l,,3,/scratch/users/sciget/isles26challenge/work/nnunet_mapping3_oof_ensemble/folds/fold_0/ATLAS_0270.nii.gz
ATLAS_0272,topk10;default1000;resenc_l,,3,/scratch/users/sciget/isles26challenge/work/nnunet_mapping3_oof_ensemble/folds/fold_0/ATLAS_0272.nii.gz
ATLAS_0277,topk10;default1000;resenc_l,,3,/scratch/users/sciget/isles26challenge/work/nnunet_mapping3_oof_ensemble/folds/fold_0/ATLAS_0277.nii.gz
ATLAS_0278,topk10;default1000;resenc_l,,3,/scratch/users/sciget/isles26challenge/work/nnunet_mapping3_oof_ensemble/folds/fold_0/ATLAS_0278.nii.gz
ATLAS_0294,topk10;default1000;resenc_l,,3,/scratch/users/sciget/isles26challenge/work/nnunet_mapping3_oof_ensemble/folds/fold_0/ATLAS_0294.nii.gz
ATLAS_0296,topk10;default1000;resenc_l,,3,/scratch/users/sciget/isles26challenge/work/nnunet_mapping3_oof_ensemble/folds/fold_0/ATLAS_0296.nii.gz
ATLAS_0298,topk10;default1000;resenc_l,,3,/scratch/users/sciget/isles26challenge/work/nnunet_mapping3_oof_ensemble/folds/fold_0/ATLAS_0298.nii.gz
ATLAS_0299,topk10;default1000;resenc_l,,3,/scratch/users/sciget/isles26challenge/work/nnunet_mapping3_oof_ensemble/folds/fold_0/ATLAS_0299.nii.gz
ATLAS_0305,topk10;default1000;resenc_l,,3,/scratch/users/sciget/isles26challenge/work/nnunet_mapping3_oof_ensemble/folds/fold_0/ATLAS_0305.nii.gz
ATLAS_0316,topk10;default1000;resenc_l,,3,/scratch/users/sciget/isles26challenge/work/nnunet_mapping3_oof_ensemble/folds/fold_0/ATLAS_0316.nii.gz
ATLAS_0317,topk10;default1000;resenc_l,,3,/scratch/users/sciget/isles26challenge/work/nnunet_mapping3_oof_ensemble/folds/fold_0/ATLAS_0317.nii.gz
ATLAS_0323,topk10;default1000;resenc_l,,3,/scratch/users/sciget/isles26challenge/work/nnunet_mapping3_oof_ensemble/folds/fold_0/ATLAS_0323.nii.gz
ATLAS_0333,topk10;default1000;resenc_l,,3,/scratch/users/sciget/isles26challenge/work/nnunet_mapping3_oof_ensemble/folds/fold_0/ATLAS_0333.nii.gz
ATLAS_0341,topk10;default1000;resenc_l,,3,/scratch/users/sciget/isles26challenge/work/nnunet_mapping3_oof_ensemble/folds/fold_0/ATLAS_0341.nii.gz
ATLAS_0344,topk10;default1000;resenc_l,,3,/scratch/users/sciget/isles26challenge/work/nnunet_mapping3_oof_ensemble/folds/fold_0/ATLAS_0344.nii.gz
ATLAS_0353,topk10;default1000;resenc_l,,3,/scratch/users/sciget/isles26challenge/work/nnunet_mapping3_oof_ensemble/folds/fold_0/ATLAS_0353.nii.gz
ATLAS_0357,topk10;default1000;resenc_l,,3,/scratch/users/sciget/isles26challenge/work/nnunet_mapping3_oof_ensemble/folds/fold_0/ATLAS_0357.nii.gz
ATLAS_0360,topk10;default1000;resenc_l,,3,/scratch/users/sciget/isles26challenge/work/nnunet_mapping3_oof_ensemble/folds/fold_0/ATLAS_0360.nii.gz
ATLAS_0361,topk10;default1000;resenc_l,,3,/scratch/users/sciget/isles26challenge/work/nnunet_mapping3_oof_ensemble/folds/fold_0/ATLAS_0361.nii.gz
ATLAS_0367,topk10;default1000;resenc_l,,3,/scratch/users/sciget/isles26challenge/work/nnunet_mapping3_oof_ensemble/folds/fold_0/ATLAS_0367.nii.gz
ATLAS_0372,topk10;default1000;resenc_l,,3,/scratch/users/sciget/isles26challenge/work/nnunet_mapping3_oof_ensemble/folds/fold_0/ATLAS_0372.nii.gz
ATLAS_0376,topk10;default1000;resenc_l,,3,/scratch/users/sciget/isles26challenge/work/nnunet_mapping3_oof_ensemble/folds/fold_0/ATLAS_0376.nii.gz
ATLAS_0381,topk10;default1000;resenc_l,,3,/scratch/users/sciget/isles26challenge/work/nnunet_mapping3_oof_ensemble/folds/fold_0/ATLAS_0381.nii.gz
ATLAS_0385,topk10;default1000;resenc_l,,3,/scratch/users/sciget/isles26challenge/work/nnunet_mapping3_oof_ensemble/folds/fold_0/ATLAS_0385.nii.gz
ATLAS_0388,topk10;default1000;resenc_l,,3,/scratch/users/sciget/isles26challenge/work/nnunet_mapping3_oof_ensemble/folds/fold_0/ATLAS_0388.nii.gz
ATLAS_0394,topk10;default1000;resenc_l,,3,/scratch/users/sciget/isles26challenge/work/nnunet_mapping3_oof_ensemble/folds/fold_0/ATLAS_0394.nii.gz
ATLAS_0398,topk10;default1000;resenc_l,,3,/scratch/users/sciget/isles26challenge/work/nnunet_mapping3_oof_ensemble/folds/fold_0/ATLAS_0398.nii.gz
ATLAS_0400,topk10;default1000;resenc_l,,3,/scratch/users/sciget/isles26challenge/work/nnunet_mapping3_oof_ensemble/folds/fold_0/ATLAS_0400.nii.gz
ATLAS_0407,topk10;default1000;resenc_l,,3,/scratch/users/sciget/isles26challenge/work/nnunet_mapping3_oof_ensemble/folds/fold_0/ATLAS_0407.nii.gz
ATLAS_0409,topk10;default1000;resenc_l,,3,/scratch/users/sciget/isles26challenge/work/nnunet_mapping3_oof_ensemble/folds/fold_0/ATLAS_0409.nii.gz
ATLAS_0412,topk10;default1000;resenc_l,,3,/scratch/users/sciget/isles26challenge/work/nnunet_mapping3_oof_ensemble/folds/fold_0/ATLAS_0412.nii.gz
ATLAS_0419,topk10;default1000;resenc_l,,3,/scratch/users/sciget/isles26challenge/work/nnunet_mapping3_oof_ensemble/folds/fold_0/ATLAS_0419.nii.gz
ATLAS_0426,topk10;default1000;resenc_l,,3,/scratch/users/sciget/isles26challenge/work/nnunet_mapping3_oof_ensemble/folds/fold_0/ATLAS_0426.nii.gz
ATLAS_0439,topk10;default1000;resenc_l,,3,/scratch/users/sciget/isles26challenge/work/nnunet_mapping3_oof_ensemble/folds/fold_0/ATLAS_0439.nii.gz
ATLAS_0445,topk10;default1000;resenc_l,,3,/scratch/users/sciget/isles26challenge/work/nnunet_mapping3_oof_ensemble/folds/fold_0/ATLAS_0445.nii.gz
ATLAS_0446,topk10;default1000;resenc_l,,3,/scratch/users/sciget/isles26challenge/work/nnunet_mapping3_oof_ensemble/folds/fold_0/ATLAS_0446.nii.gz
ATLAS_0449,topk10;default1000;resenc_l,,3,/scratch/users/sciget/isles26challenge/work/nnunet_mapping3_oof_ensemble/folds/fold_0/ATLAS_0449.nii.gz
ATLAS_0454,topk10;default1000;resenc_l,,3,/scratch/users/sciget/isles26challenge/work/nnunet_mapping3_oof_ensemble/folds/fold_0/ATLAS_0454.nii.gz
ATLAS_0463,topk10;default1000;resenc_l,,3,/scratch/users/sciget/isles26challenge/work/nnunet_mapping3_oof_ensemble/folds/fold_0/ATLAS_0463.nii.gz
ATLAS_0464,topk10;default1000;resenc_l,,3,/scratch/users/sciget/isles26challenge/work/nnunet_mapping3_oof_ensemble/folds/fold_0/ATLAS_0464.nii.gz
ATLAS_0472,topk10;default1000;resenc_l,,3,/scratch/users/sciget/isles26challenge/work/nnunet_mapping3_oof_ensemble/folds/fold_0/ATLAS_0472.nii.gz
ATLAS_0473,topk10;default1000;resenc_l,,3,/scratch/users/sciget/isles26challenge/work/nnunet_mapping3_oof_ensemble/folds/fold_0/ATLAS_0473.nii.gz
ATLAS_0483,topk10;default1000;resenc_l,,3,/scratch/users/sciget/isles26challenge/work/nnunet_mapping3_oof_ensemble/folds/fold_0/ATLAS_0483.nii.gz
ATLAS_0486,topk10;default1000;resenc_l,,3,/scratch/users/sciget/isles26challenge/work/nnunet_mapping3_oof_ensemble/folds/fold_0/ATLAS_0486.nii.gz
ATLAS_0497,topk10;default1000;resenc_l,,3,/scratch/users/sciget/isles26challenge/work/nnunet_mapping3_oof_ensemble/folds/fold_0/ATLAS_0497.nii.gz
ATLAS_0498,topk10;default1000;resenc_l,,3,/scratch/users/sciget/isles26challenge/work/nnunet_mapping3_oof_ensemble/folds/fold_0/ATLAS_0498.nii.gz
ATLAS_0511,topk10;default1000;resenc_l,,3,/scratch/users/sciget/isles26challenge/work/nnunet_mapping3_oof_ensemble/folds/fold_0/ATLAS_0511.nii.gz
ATLAS_0514,topk10;default1000;resenc_l,,3,/scratch/users/sciget/isles26challenge/work/nnunet_mapping3_oof_ensemble/folds/fold_0/ATLAS_0514.nii.gz
ATLAS_0515,topk10;default1000;resenc_l,,3,/scratch/users/sciget/isles26challenge/work/nnunet_mapping3_oof_ensemble/folds/fold_0/ATLAS_0515.nii.gz
ATLAS_0518,topk10;default1000;resenc_l,,3,/scratch/users/sciget/isles26challenge/work/nnunet_mapping3_oof_ensemble/folds/fold_0/ATLAS_0518.nii.gz
ATLAS_0519,topk10;default1000;resenc_l,,3,/scratch/users/sciget/isles26challenge/work/nnunet_mapping3_oof_ensemble/folds/fold_0/ATLAS_0519.nii.gz
ATLAS_0532,topk10;default1000;resenc_l,,3,/scratch/users/sciget/isles26challenge/work/nnunet_mapping3_oof_ensemble/folds/fold_0/ATLAS_0532.nii.gz
ATLAS_0539,topk10;default1000;resenc_l,,3,/scratch/users/sciget/isles26challenge/work/nnunet_mapping3_oof_ensemble/folds/fold_0/ATLAS_0539.nii.gz
ATLAS_0546,topk10;default1000;resenc_l,,3,/scratch/users/sciget/isles26challenge/work/nnunet_mapping3_oof_ensemble/folds/fold_0/ATLAS_0546.nii.gz
ATLAS_0548,topk10;default1000;resenc_l,,3,/scratch/users/sciget/isles26challenge/work/nnunet_mapping3_oof_ensemble/folds/fold_0/ATLAS_0548.nii.gz
ATLAS_0556,topk10;default1000;resenc_l,,3,/scratch/users/sciget/isles26challenge/work/nnunet_mapping3_oof_ensemble/folds/fold_0/ATLAS_0556.nii.gz
ATLAS_0565,topk10;default1000;resenc_l,,3,/scratch/users/sciget/isles26challenge/work/nnunet_mapping3_oof_ensemble/folds/fold_0/ATLAS_0565.nii.gz
ATLAS_0573,topk10;default1000;resenc_l,,3,/scratch/users/sciget/isles26challenge/work/nnunet_mapping3_oof_ensemble/folds/fold_0/ATLAS_0573.nii.gz
ATLAS_0588,topk10;default1000;resenc_l,,3,/scratch/users/sciget/isles26challenge/work/nnunet_mapping3_oof_ensemble/folds/fold_0/ATLAS_0588.nii.gz
ATLAS_0594,topk10;default1000;resenc_l,,3,/scratch/users/sciget/isles26challenge/work/nnunet_mapping3_oof_ensemble/folds/fold_0/ATLAS_0594.nii.gz
ATLAS_0599,topk10;default1000;resenc_l,,3,/scratch/users/sciget/isles26challenge/work/nnunet_mapping3_oof_ensemble/folds/fold_0/ATLAS_0599.nii.gz
ATLAS_0602,topk10;default1000;resenc_l,,3,/scratch/users/sciget/isles26challenge/work/nnunet_mapping3_oof_ensemble/folds/fold_0/ATLAS_0602.nii.gz
ATLAS_0604,topk10;default1000;resenc_l,,3,/scratch/users/sciget/isles26challenge/work/nnunet_mapping3_oof_ensemble/folds/fold_0/ATLAS_0604.nii.gz
ATLAS_0611,topk10;default1000;resenc_l,,3,/scratch/users/sciget/isles26challenge/work/nnunet_mapping3_oof_ensemble/folds/fold_0/ATLAS_0611.nii.gz
ATLAS_0615,topk10;default1000;resenc_l,,3,/scratch/users/sciget/isles26challenge/work/nnunet_mapping3_oof_ensemble/folds/fold_0/ATLAS_0615.nii.gz
ATLAS_0617,topk10;default1000;resenc_l,,3,/scratch/users/sciget/isles26challenge/work/nnunet_mapping3_oof_ensemble/folds/fold_0/ATLAS_0617.nii.gz
ATLAS_0630,topk10;default1000;resenc_l,,3,/scratch/users/sciget/isles26challenge/work/nnunet_mapping3_oof_ensemble/folds/fold_0/ATLAS_0630.nii.gz
ATLAS_0632,topk10;default1000;resenc_l,,3,/scratch/users/sciget/isles26challenge/work/nnunet_mapping3_oof_ensemble/folds/fold_0/ATLAS_0632.nii.gz
ATLAS_0634,topk10;default1000;resenc_l,,3,/scratch/users/sciget/isles26challenge/work/nnunet_mapping3_oof_ensemble/folds/fold_0/ATLAS_0634.nii.gz
ATLAS_0636,topk10;default1000;resenc_l,,3,/scratch/users/sciget/isles26challenge/work/nnunet_mapping3_oof_ensemble/folds/fold_0/ATLAS_0636.nii.gz
ATLAS_0640,topk10;default1000;resenc_l,,3,/scratch/users/sciget/isles26challenge/work/nnunet_mapping3_oof_ensemble/folds/fold_0/ATLAS_0640.nii.gz
ATLAS_0649,topk10;default1000;resenc_l,,3,/scratch/users/sciget/isles26challenge/work/nnunet_mapping3_oof_ensemble/folds/fold_0/ATLAS_0649.nii.gz
ATLAS_0651,topk10;default1000;resenc_l,,3,/scratch/users/sciget/isles26challenge/work/nnunet_mapping3_oof_ensemble/folds/fold_0/ATLAS_0651.nii.gz
ATLAS_0652,topk10;default1000;resenc_l,,3,/scratch/users/sciget/isles26challenge/work/nnunet_mapping3_oof_ensemble/folds/fold_0/ATLAS_0652.nii.gz
ATLAS_0654,topk10;default1000;resenc_l,,3,/scratch/users/sciget/isles26challenge/work/nnunet_mapping3_oof_ensemble/folds/fold_0/ATLAS_0654.nii.gz
ATLAS_0657,topk10;default1000;resenc_l,,3,/scratch/users/sciget/isles26challenge/work/nnunet_mapping3_oof_ensemble/folds/fold_0/ATLAS_0657.nii.gz
ATLAS_0661,topk10;default1000;resenc_l,,3,/scratch/users/sciget/isles26challenge/work/nnunet_mapping3_oof_ensemble/folds/fold_0/ATLAS_0661.nii.gz
ATLAS_0666,topk10;default1000;resenc_l,,3,/scratch/users/sciget/isles26challenge/work/nnunet_mapping3_oof_ensemble/folds/fold_0/ATLAS_0666.nii.gz
ATLAS_0670,topk10;default1000;resenc_l,,3,/scratch/users/sciget/isles26challenge/work/nnunet_mapping3_oof_ensemble/folds/fold_0/ATLAS_0670.nii.gz
ATLAS_0672,topk10;default1000;resenc_l,,3,/scratch/users/sciget/isles26challenge/work/nnunet_mapping3_oof_ensemble/folds/fold_0/ATLAS_0672.nii.gz
ATLAS_0673,topk10;default1000;resenc_l,,3,/scratch/users/sciget/isles26challenge/work/nnunet_mapping3_oof_ensemble/folds/fold_0/ATLAS_0673.nii.gz
ATLAS_0675,topk10;default1000;resenc_l,,3,/scratch/users/sciget/isles26challenge/work/nnunet_mapping3_oof_ensemble/folds/fold_0/ATLAS_0675.nii.gz
ATLAS_0699,topk10;default1000;resenc_l,,3,/scratch/users/sciget/isles26challenge/work/nnunet_mapping3_oof_ensemble/folds/fold_0/ATLAS_0699.nii.gz
ATLAS_0705,topk10;default1000;resenc_l,,3,/scratch/users/sciget/isles26challenge/work/nnunet_mapping3_oof_ensemble/folds/fold_0/ATLAS_0705.nii.gz
ATLAS_0710,topk10;default1000;resenc_l,,3,/scratch/users/sciget/isles26challenge/work/nnunet_mapping3_oof_ensemble/folds/fold_0/ATLAS_0710.nii.gz
ATLAS_0719,topk10;default1000;resenc_l,,3,/scratch/users/sciget/isles26challenge/work/nnunet_mapping3_oof_ensemble/folds/fold_0/ATLAS_0719.nii.gz
ATLAS_0720,topk10;default1000;resenc_l,,3,/scratch/users/sciget/isles26challenge/work/nnunet_mapping3_oof_ensemble/folds/fold_0/ATLAS_0720.nii.gz
ATLAS_0726,topk10;default1000;resenc_l,,3,/scratch/users/sciget/isles26challenge/work/nnunet_mapping3_oof_ensemble/folds/fold_0/ATLAS_0726.nii.gz
ATLAS_0733,topk10;default1000;resenc_l,,3,/scratch/users/sciget/isles26challenge/work/nnunet_mapping3_oof_ensemble/folds/fold_0/ATLAS_0733.nii.gz
ATLAS_0736,topk10;default1000;resenc_l,,3,/scratch/users/sciget/isles26challenge/work/nnunet_mapping3_oof_ensemble/folds/fold_0/ATLAS_0736.nii.gz
ATLAS_0754,topk10;default1000;resenc_l,,3,/scratch/users/sciget/isles26challenge/work/nnunet_mapping3_oof_ensemble/folds/fold_0/ATLAS_0754.nii.gz
ATLAS_0760,topk10;default1000;resenc_l,,3,/scratch/users/sciget/isles26challenge/work/nnunet_mapping3_oof_ensemble/folds/fold_0/ATLAS_0760.nii.gz
ATLAS_0767,topk10;default1000;resenc_l,,3,/scratch/users/sciget/isles26challenge/work/nnunet_mapping3_oof_ensemble/folds/fold_0/ATLAS_0767.nii.gz
ATLAS_0768,topk10;default1000;resenc_l,,3,/scratch/users/sciget/isles26challenge/work/nnunet_mapping3_oof_ensemble/folds/fold_0/ATLAS_0768.nii.gz
ATLAS_0774,topk10;default1000;resenc_l,,3,/scratch/users/sciget/isles26challenge/work/nnunet_mapping3_oof_ensemble/folds/fold_0/ATLAS_0774.nii.gz
ATLAS_0776,topk10;default1000;resenc_l,,3,/scratch/users/sciget/isles26challenge/work/nnunet_mapping3_oof_ensemble/folds/fold_0/ATLAS_0776.nii.gz
ATLAS_0779,topk10;default1000;resenc_l,,3,/scratch/users/sciget/isles26challenge/work/nnunet_mapping3_oof_ensemble/folds/fold_0/ATLAS_0779.nii.gz
ATLAS_0781,topk10;default1000;resenc_l,,3,/scratch/users/sciget/isles26challenge/work/nnunet_mapping3_oof_ensemble/folds/fold_0/ATLAS_0781.nii.gz
ATLAS_0783,topk10;default1000;resenc_l,,3,/scratch/users/sciget/isles26challenge/work/nnunet_mapping3_oof_ensemble/folds/fold_0/ATLAS_0783.nii.gz
ATLAS_0787,topk10;default1000;resenc_l,,3,/scratch/users/sciget/isles26challenge/work/nnunet_mapping3_oof_ensemble/folds/fold_0/ATLAS_0787.nii.gz
ATLAS_0795,topk10;default1000;resenc_l,,3,/scratch/users/sciget/isles26challenge/work/nnunet_mapping3_oof_ensemble/folds/fold_0/ATLAS_0795.nii.gz
ATLAS_0799,topk10;default1000;resenc_l,,3,/scratch/users/sciget/isles26challenge/work/nnunet_mapping3_oof_ensemble/folds/fold_0/ATLAS_0799.nii.gz
ATLAS_0800,topk10;default1000;resenc_l,,3,/scratch/users/sciget/isles26challenge/work/nnunet_mapping3_oof_ensemble/folds/fold_0/ATLAS_0800.nii.gz
ATLAS_0801,topk10;default1000;resenc_l,,3,/scratch/users/sciget/isles26challenge/work/nnunet_mapping3_oof_ensemble/folds/fold_0/ATLAS_0801.nii.gz
ATLAS_0804,topk10;default1000;resenc_l,,3,/scratch/users/sciget/isles26challenge/work/nnunet_mapping3_oof_ensemble/folds/fold_0/ATLAS_0804.nii.gz
ATLAS_0808,topk10;default1000;resenc_l,,3,/scratch/users/sciget/isles26challenge/work/nnunet_mapping3_oof_ensemble/folds/fold_0/ATLAS_0808.nii.gz
ATLAS_0815,topk10;default1000;resenc_l,,3,/scratch/users/sciget/isles26challenge/work/nnunet_mapping3_oof_ensemble/folds/fold_0/ATLAS_0815.nii.gz
ATLAS_0820,topk10;default1000;resenc_l,,3,/scratch/users/sciget/isles26challenge/work/nnunet_mapping3_oof_ensemble/folds/fold_0/ATLAS_0820.nii.gz
ATLAS_0825,topk10;default1000;resenc_l,,3,/scratch/users/sciget/isles26challenge/work/nnunet_mapping3_oof_ensemble/folds/fold_0/ATLAS_0825.nii.gz
ATLAS_0831,topk10;default1000;resenc_l,,3,/scratch/users/sciget/isles26challenge/work/nnunet_mapping3_oof_ensemble/folds/fold_0/ATLAS_0831.nii.gz
ATLAS_0833,topk10;default1000;resenc_l,,3,/scratch/users/sciget/isles26challenge/work/nnunet_mapping3_oof_ensemble/folds/fold_0/ATLAS_0833.nii.gz
ATLAS_0844,topk10;default1000;resenc_l,,3,/scratch/users/sciget/isles26challenge/work/nnunet_mapping3_oof_ensemble/folds/fold_0/ATLAS_0844.nii.gz
ATLAS_0847,topk10;default1000;resenc_l,,3,/scratch/users/sciget/isles26challenge/work/nnunet_mapping3_oof_ensemble/folds/fold_0/ATLAS_0847.nii.gz
ATLAS_0851,topk10;default1000;resenc_l,,3,/scratch/users/sciget/isles26challenge/work/nnunet_mapping3_oof_ensemble/folds/fold_0/ATLAS_0851.nii.gz
ATLAS_0852,topk10;default1000;resenc_l,,3,/scratch/users/sciget/isles26challenge/work/nnunet_mapping3_oof_ensemble/folds/fold_0/ATLAS_0852.nii.gz
ATLAS_0855,topk10;default1000;resenc_l,,3,/scratch/users/sciget/isles26challenge/work/nnunet_mapping3_oof_ensemble/folds/fold_0/ATLAS_0855.nii.gz
ATLAS_0860,topk10;default1000;resenc_l,,3,/scratch/users/sciget/isles26challenge/work/nnunet_mapping3_oof_ensemble/folds/fold_0/ATLAS_0860.nii.gz
ATLAS_0873,topk10;default1000;resenc_l,,3,/scratch/users/sciget/isles26challenge/work/nnunet_mapping3_oof_ensemble/folds/fold_0/ATLAS_0873.nii.gz
ATLAS_0875,topk10;default1000;resenc_l,,3,/scratch/users/sciget/isles26challenge/work/nnunet_mapping3_oof_ensemble/folds/fold_0/ATLAS_0875.nii.gz
ATLAS_0876,topk10;default1000;resenc_l,,3,/scratch/users/sciget/isles26challenge/work/nnunet_mapping3_oof_ensemble/folds/fold_0/ATLAS_0876.nii.gz
ATLAS_0884,topk10;default1000;resenc_l,,3,/scratch/users/sciget/isles26challenge/work/nnunet_mapping3_oof_ensemble/folds/fold_0/ATLAS_0884.nii.gz
ATLAS_0886,topk10;default1000;resenc_l,,3,/scratch/users/sciget/isles26challenge/work/nnunet_mapping3_oof_ensemble/folds/fold_0/ATLAS_0886.nii.gz
ATLAS_0888,topk10;default1000;resenc_l,,3,/scratch/users/sciget/isles26challenge/work/nnunet_mapping3_oof_ensemble/folds/fold_0/ATLAS_0888.nii.gz
ATLAS_0889,topk10;default1000;resenc_l,,3,/scratch/users/sciget/isles26challenge/work/nnunet_mapping3_oof_ensemble/folds/fold_0/ATLAS_0889.nii.gz
ATLAS_0891,topk10;default1000;resenc_l,,3,/scratch/users/sciget/isles26challenge/work/nnunet_mapping3_oof_ensemble/folds/fold_0/ATLAS_0891.nii.gz
ATLAS_0894,topk10;default1000;resenc_l,,3,/scratch/users/sciget/isles26challenge/work/nnunet_mapping3_oof_ensemble/folds/fold_0/ATLAS_0894.nii.gz
ATLAS_0909,topk10;default1000;resenc_l,,3,/scratch/users/sciget/isles26challenge/work/nnunet_mapping3_oof_ensemble/folds/fold_0/ATLAS_0909.nii.gz
ATLAS_0916,topk10;default1000;resenc_l,,3,/scratch/users/sciget/isles26challenge/work/nnunet_mapping3_oof_ensemble/folds/fold_0/ATLAS_0916.nii.gz
ATLAS_0923,topk10;default1000;resenc_l,,3,/scratch/users/sciget/isles26challenge/work/nnunet_mapping3_oof_ensemble/folds/fold_0/ATLAS_0923.nii.gz
ATLAS_0924,topk10;default1000;resenc_l,,3,/scratch/users/sciget/isles26challenge/work/nnunet_mapping3_oof_ensemble/folds/fold_0/ATLAS_0924.nii.gz
ATLAS_0928,topk10;default1000;resenc_l,,3,/scratch/users/sciget/isles26challenge/work/nnunet_mapping3_oof_ensemble/folds/fold_0/ATLAS_0928.nii.gz
ATLAS_0929,topk10;default1000;resenc_l,,3,/scratch/users/sciget/isles26challenge/work/nnunet_mapping3_oof_ensemble/folds/fold_0/ATLAS_0929.nii.gz
ATLAS_0945,topk10;default1000;resenc_l,,3,/scratch/users/sciget/isles26challenge/work/nnunet_mapping3_oof_ensemble/folds/fold_0/ATLAS_0945.nii.gz
ATLAS_0953,topk10;default1000;resenc_l,,3,/scratch/users/sciget/isles26challenge/work/nnunet_mapping3_oof_ensemble/folds/fold_0/ATLAS_0953.nii.gz
ATLAS_0957,topk10;default1000;resenc_l,,3,/scratch/users/sciget/isles26challenge/work/nnunet_mapping3_oof_ensemble/folds/fold_0/ATLAS_0957.nii.gz
ATLAS_0960,topk10;default1000;resenc_l,,3,/scratch/users/sciget/isles26challenge/work/nnunet_mapping3_oof_ensemble/folds/fold_0/ATLAS_0960.nii.gz
ATLAS_0962,topk10;default1000;resenc_l,,3,/scratch/users/sciget/isles26challenge/work/nnunet_mapping3_oof_ensemble/folds/fold_0/ATLAS_0962.nii.gz
ATLAS_0967,topk10;default1000;resenc_l,,3,/scratch/users/sciget/isles26challenge/work/nnunet_mapping3_oof_ensemble/folds/fold_0/ATLAS_0967.nii.gz
ATLAS_0973,topk10;default1000;resenc_l,,3,/scratch/users/sciget/isles26challenge/work/nnunet_mapping3_oof_ensemble/folds/fold_0/ATLAS_0973.nii.gz
ATLAS_0978,topk10;default1000;resenc_l,,3,/scratch/users/sciget/isles26challenge/work/nnunet_mapping3_oof_ensemble/folds/fold_0/ATLAS_0978.nii.gz
ATLAS_0982,topk10;default1000;resenc_l,,3,/scratch/users/sciget/isles26challenge/work/nnunet_mapping3_oof_ensemble/folds/fold_0/ATLAS_0982.nii.gz
ATLAS_0988,topk10;default1000;resenc_l,,3,/scratch/users/sciget/isles26challenge/work/nnunet_mapping3_oof_ensemble/folds/fold_0/ATLAS_0988.nii.gz
ATLAS_0995,topk10;default1000;resenc_l,,3,/scratch/users/sciget/isles26challenge/work/nnunet_mapping3_oof_ensemble/folds/fold_0/ATLAS_0995.nii.gz
ATLAS_1001,topk10;default1000;resenc_l,,3,/scratch/users/sciget/isles26challenge/work/nnunet_mapping3_oof_ensemble/folds/fold_0/ATLAS_1001.nii.gz
ATLAS_1007,topk10;default1000;resenc_l,,3,/scratch/users/sciget/isles26challenge/work/nnunet_mapping3_oof_ensemble/folds/fold_0/ATLAS_1007.nii.gz
ATLAS_1008,topk10;default1000;resenc_l,,3,/scratch/users/sciget/isles26challenge/work/nnunet_mapping3_oof_ensemble/folds/fold_0/ATLAS_1008.nii.gz
ATLAS_1010,topk10;default1000;resenc_l,,3,/scratch/users/sciget/isles26challenge/work/nnunet_mapping3_oof_ensemble/folds/fold_0/ATLAS_1010.nii.gz
ATLAS_1019,topk10;default1000;resenc_l,,3,/scratch/users/sciget/isles26challenge/work/nnunet_mapping3_oof_ensemble/folds/fold_0/ATLAS_1019.nii.gz
ATLAS_1025,topk10;default1000;resenc_l,,3,/scratch/users/sciget/isles26challenge/work/nnunet_mapping3_oof_ensemble/folds/fold_0/ATLAS_1025.nii.gz
ATLAS_1027,topk10;default1000;resenc_l,,3,/scratch/users/sciget/isles26challenge/work/nnunet_mapping3_oof_ensemble/folds/fold_0/ATLAS_1027.nii.gz
ATLAS_1029,topk10;default1000;resenc_l,,3,/scratch/users/sciget/isles26challenge/work/nnunet_mapping3_oof_ensemble/folds/fold_0/ATLAS_1029.nii.gz
ATLAS_1036,topk10;default1000;resenc_l,,3,/scratch/users/sciget/isles26challenge/work/nnunet_mapping3_oof_ensemble/folds/fold_0/ATLAS_1036.nii.gz
ATLAS_1039,topk10;default1000;resenc_l,,3,/scratch/users/sciget/isles26challenge/work/nnunet_mapping3_oof_ensemble/folds/fold_0/ATLAS_1039.nii.gz
ATLAS_1046,topk10;default1000;resenc_l,,3,/scratch/users/sciget/isles26challenge/work/nnunet_mapping3_oof_ensemble/folds/fold_0/ATLAS_1046.nii.gz
ATLAS_1053,topk10;default1000;resenc_l,,3,/scratch/users/sciget/isles26challenge/work/nnunet_mapping3_oof_ensemble/folds/fold_0/ATLAS_1053.nii.gz
ATLAS_1057,topk10;default1000;resenc_l,,3,/scratch/users/sciget/isles26challenge/work/nnunet_mapping3_oof_ensemble/folds/fold_0/ATLAS_1057.nii.gz
ATLAS_1061,topk10;default1000;resenc_l,,3,/scratch/users/sciget/isles26challenge/work/nnunet_mapping3_oof_ensemble/folds/fold_0/ATLAS_1061.nii.gz
ATLAS_1064,topk10;default1000;resenc_l,,3,/scratch/users/sciget/isles26challenge/work/nnunet_mapping3_oof_ensemble/folds/fold_0/ATLAS_1064.nii.gz
ATLAS_1070,topk10;default1000;resenc_l,,3,/scratch/users/sciget/isles26challenge/work/nnunet_mapping3_oof_ensemble/folds/fold_0/ATLAS_1070.nii.gz
ATLAS_1075,topk10;default1000;resenc_l,,3,/scratch/users/sciget/isles26challenge/work/nnunet_mapping3_oof_ensemble/folds/fold_0/ATLAS_1075.nii.gz
ATLAS_1078,topk10;default1000;resenc_l,,3,/scratch/users/sciget/isles26challenge/work/nnunet_mapping3_oof_ensemble/folds/fold_0/ATLAS_1078.nii.gz
ATLAS_1081,topk10;default1000;resenc_l,,3,/scratch/users/sciget/isles26challenge/work/nnunet_mapping3_oof_ensemble/folds/fold_0/ATLAS_1081.nii.gz
ATLAS_1082,topk10;default1000;resenc_l,,3,/scratch/users/sciget/isles26challenge/work/nnunet_mapping3_oof_ensemble/folds/fold_0/ATLAS_1082.nii.gz
ATLAS_1091,topk10;default1000;resenc_l,,3,/scratch/users/sciget/isles26challenge/work/nnunet_mapping3_oof_ensemble/folds/fold_0/ATLAS_1091.nii.gz
ATLAS_1102,topk10;default1000;resenc_l,,3,/scratch/users/sciget/isles26challenge/work/nnunet_mapping3_oof_ensemble/folds/fold_0/ATLAS_1102.nii.gz
ATLAS_1103,topk10;default1000;resenc_l,,3,/scratch/users/sciget/isles26challenge/work/nnunet_mapping3_oof_ensemble/folds/fold_0/ATLAS_1103.nii.gz
ATLAS_1104,topk10;default1000;resenc_l,,3,/scratch/users/sciget/isles26challenge/work/nnunet_mapping3_oof_ensemble/folds/fold_0/ATLAS_1104.nii.gz
ATLAS_1112,topk10;default1000;resenc_l,,3,/scratch/users/sciget/isles26challenge/work/nnunet_mapping3_oof_ensemble/folds/fold_0/ATLAS_1112.nii.gz
ATLAS_1113,topk10;default1000;resenc_l,,3,/scratch/users/sciget/isles26challenge/work/nnunet_mapping3_oof_ensemble/folds/fold_0/ATLAS_1113.nii.gz
ATLAS_1130,topk10;default1000;resenc_l,,3,/scratch/users/sciget/isles26challenge/work/nnunet_mapping3_oof_ensemble/folds/fold_0/ATLAS_1130.nii.gz
ATLAS_1136,topk10;default1000;resenc_l,,3,/scratch/users/sciget/isles26challenge/work/nnunet_mapping3_oof_ensemble/folds/fold_0/ATLAS_1136.nii.gz
ATLAS_1141,topk10;default1000;resenc_l,,3,/scratch/users/sciget/isles26challenge/work/nnunet_mapping3_oof_ensemble/folds/fold_0/ATLAS_1141.nii.gz
ATLAS_1147,topk10;default1000;resenc_l,,3,/scratch/users/sciget/isles26challenge/work/nnunet_mapping3_oof_ensemble/folds/fold_0/ATLAS_1147.nii.gz
ATLAS_1152,topk10;default1000;resenc_l,,3,/scratch/users/sciget/isles26challenge/work/nnunet_mapping3_oof_ensemble/folds/fold_0/ATLAS_1152.nii.gz
ATLAS_1157,topk10;default1000;resenc_l,,3,/scratch/users/sciget/isles26challenge/work/nnunet_mapping3_oof_ensemble/folds/fold_0/ATLAS_1157.nii.gz
ATLAS_1160,topk10;default1000;resenc_l,,3,/scratch/users/sciget/isles26challenge/work/nnunet_mapping3_oof_ensemble/folds/fold_0/ATLAS_1160.nii.gz
ATLAS_1162,topk10;default1000;resenc_l,,3,/scratch/users/sciget/isles26challenge/work/nnunet_mapping3_oof_ensemble/folds/fold_0/ATLAS_1162.nii.gz
ATLAS_1166,topk10;default1000;resenc_l,,3,/scratch/users/sciget/isles26challenge/work/nnunet_mapping3_oof_ensemble/folds/fold_0/ATLAS_1166.nii.gz
ATLAS_1167,topk10;default1000;resenc_l,,3,/scratch/users/sciget/isles26challenge/work/nnunet_mapping3_oof_ensemble/folds/fold_0/ATLAS_1167.nii.gz
ATLAS_1169,topk10;default1000;resenc_l,,3,/scratch/users/sciget/isles26challenge/work/nnunet_mapping3_oof_ensemble/folds/fold_0/ATLAS_1169.nii.gz
ATLAS_1170,topk10;default1000;resenc_l,,3,/scratch/users/sciget/isles26challenge/work/nnunet_mapping3_oof_ensemble/folds/fold_0/ATLAS_1170.nii.gz
ATLAS_1187,topk10;default1000;resenc_l,,3,/scratch/users/sciget/isles26challenge/work/nnunet_mapping3_oof_ensemble/folds/fold_0/ATLAS_1187.nii.gz
ATLAS_1191,topk10;default1000;resenc_l,,3,/scratch/users/sciget/isles26challenge/work/nnunet_mapping3_oof_ensemble/folds/fold_0/ATLAS_1191.nii.gz
ATLAS_1192,topk10;default1000;resenc_l,,3,/scratch/users/sciget/isles26challenge/work/nnunet_mapping3_oof_ensemble/folds/fold_0/ATLAS_1192.nii.gz
ATLAS_1196,topk10;default1000;resenc_l,,3,/scratch/users/sciget/isles26challenge/work/nnunet_mapping3_oof_ensemble/folds/fold_0/ATLAS_1196.nii.gz
ATLAS_1198,topk10;default1000;resenc_l,,3,/scratch/users/sciget/isles26challenge/work/nnunet_mapping3_oof_ensemble/folds/fold_0/ATLAS_1198.nii.gz
ATLAS_1217,topk10;default1000;resenc_l,,3,/scratch/users/sciget/isles26challenge/work/nnunet_mapping3_oof_ensemble/folds/fold_0/ATLAS_1217.nii.gz
ATLAS_1223,topk10;default1000;resenc_l,,3,/scratch/users/sciget/isles26challenge/work/nnunet_mapping3_oof_ensemble/folds/fold_0/ATLAS_1223.nii.gz
ATLAS_1224,topk10;default1000;resenc_l,,3,/scratch/users/sciget/isles26challenge/work/nnunet_mapping3_oof_ensemble/folds/fold_0/ATLAS_1224.nii.gz
ATLAS_1225,topk10;default1000;resenc_l,,3,/scratch/users/sciget/isles26challenge/work/nnunet_mapping3_oof_ensemble/folds/fold_0/ATLAS_1225.nii.gz
ATLAS_1231,topk10;default1000;resenc_l,,3,/scratch/users/sciget/isles26challenge/work/nnunet_mapping3_oof_ensemble/folds/fold_0/ATLAS_1231.nii.gz
ATLAS_1232,topk10;default1000;resenc_l,,3,/scratch/users/sciget/isles26challenge/work/nnunet_mapping3_oof_ensemble/folds/fold_0/ATLAS_1232.nii.gz
ATLAS_1238,topk10;default1000;resenc_l,,3,/scratch/users/sciget/isles26challenge/work/nnunet_mapping3_oof_ensemble/folds/fold_0/ATLAS_1238.nii.gz
ATLAS_1242,topk10;default1000;resenc_l,,3,/scratch/users/sciget/isles26challenge/work/nnunet_mapping3_oof_ensemble/folds/fold_0/ATLAS_1242.nii.gz
ATLAS_1254,topk10;default1000;resenc_l,,3,/scratch/users/sciget/isles26challenge/work/nnunet_mapping3_oof_ensemble/folds/fold_0/ATLAS_1254.nii.gz
ATLAS_1257,topk10;default1000;resenc_l,,3,/scratch/users/sciget/isles26challenge/work/nnunet_mapping3_oof_ensemble/folds/fold_0/ATLAS_1257.nii.gz
ATLAS_1258,topk10;default1000;resenc_l,,3,/scratch/users/sciget/isles26challenge/work/nnunet_mapping3_oof_ensemble/folds/fold_0/ATLAS_1258.nii.gz
ATLAS_1266,topk10;default1000;resenc_l,,3,/scratch/users/sciget/isles26challenge/work/nnunet_mapping3_oof_ensemble/folds/fold_0/ATLAS_1266.nii.gz
ATLAS_1270,topk10;default1000;resenc_l,,3,/scratch/users/sciget/isles26challenge/work/nnunet_mapping3_oof_ensemble/folds/fold_0/ATLAS_1270.nii.gz
ATLAS_1278,topk10;default1000;resenc_l,,3,/scratch/users/sciget/isles26challenge/work/nnunet_mapping3_oof_ensemble/folds/fold_0/ATLAS_1278.nii.gz
ATLAS_1279,topk10;default1000;resenc_l,,3,/scratch/users/sciget/isles26challenge/work/nnunet_mapping3_oof_ensemble/folds/fold_0/ATLAS_1279.nii.gz
ATLAS_1281,topk10;default1000;resenc_l,,3,/scratch/users/sciget/isles26challenge/work/nnunet_mapping3_oof_ensemble/folds/fold_0/ATLAS_1281.nii.gz
ATLAS_1287,topk10;default1000;resenc_l,,3,/scratch/users/sciget/isles26challenge/work/nnunet_mapping3_oof_ensemble/folds/fold_0/ATLAS_1287.nii.gz
ATLAS_1300,topk10;default1000;resenc_l,,3,/scratch/users/sciget/isles26challenge/work/nnunet_mapping3_oof_ensemble/folds/fold_0/ATLAS_1300.nii.gz
ATLAS_1307,topk10;default1000;resenc_l,,3,/scratch/users/sciget/isles26challenge/work/nnunet_mapping3_oof_ensemble/folds/fold_0/ATLAS_1307.nii.gz
ATLAS_1309,topk10;default1000;resenc_l,,3,/scratch/users/sciget/isles26challenge/work/nnunet_mapping3_oof_ensemble/folds/fold_0/ATLAS_1309.nii.gz
ATLAS_1315,topk10;default1000;resenc_l,,3,/scratch/users/sciget/isles26challenge/work/nnunet_mapping3_oof_ensemble/folds/fold_0/ATLAS_1315.nii.gz
ATLAS_1320,topk10;default1000;resenc_l,,3,/scratch/users/sciget/isles26challenge/work/nnunet_mapping3_oof_ensemble/folds/fold_0/ATLAS_1320.nii.gz
ATLAS_1321,topk10;default1000;resenc_l,,3,/scratch/users/sciget/isles26challenge/work/nnunet_mapping3_oof_ensemble/folds/fold_0/ATLAS_1321.nii.gz
ATLAS_1327,topk10;default1000;resenc_l,,3,/scratch/users/sciget/isles26challenge/work/nnunet_mapping3_oof_ensemble/folds/fold_0/ATLAS_1327.nii.gz
ATLAS_1331,topk10;default1000;resenc_l,,3,/scratch/users/sciget/isles26challenge/work/nnunet_mapping3_oof_ensemble/folds/fold_0/ATLAS_1331.nii.gz
ATLAS_1333,topk10;default1000;resenc_l,,3,/scratch/users/sciget/isles26challenge/work/nnunet_mapping3_oof_ensemble/folds/fold_0/ATLAS_1333.nii.gz
ATLAS_1335,topk10;default1000;resenc_l,,3,/scratch/users/sciget/isles26challenge/work/nnunet_mapping3_oof_ensemble/folds/fold_0/ATLAS_1335.nii.gz
ATLAS_1342,topk10;default1000;resenc_l,,3,/scratch/users/sciget/isles26challenge/work/nnunet_mapping3_oof_ensemble/folds/fold_0/ATLAS_1342.nii.gz
ATLAS_1344,topk10;default1000;resenc_l,,3,/scratch/users/sciget/isles26challenge/work/nnunet_mapping3_oof_ensemble/folds/fold_0/ATLAS_1344.nii.gz
ATLAS_1345,topk10;default1000;resenc_l,,3,/scratch/users/sciget/isles26challenge/work/nnunet_mapping3_oof_ensemble/folds/fold_0/ATLAS_1345.nii.gz
ATLAS_1346,topk10;default1000;resenc_l,,3,/scratch/users/sciget/isles26challenge/work/nnunet_mapping3_oof_ensemble/folds/fold_0/ATLAS_1346.nii.gz
ATLAS_1350,topk10;default1000;resenc_l,,3,/scratch/users/sciget/isles26challenge/work/nnunet_mapping3_oof_ensemble/folds/fold_0/ATLAS_1350.nii.gz
ATLAS_1360,topk10;default1000;resenc_l,,3,/scratch/users/sciget/isles26challenge/work/nnunet_mapping3_oof_ensemble/folds/fold_0/ATLAS_1360.nii.gz
ATLAS_1361,topk10;default1000;resenc_l,,3,/scratch/users/sciget/isles26challenge/work/nnunet_mapping3_oof_ensemble/folds/fold_0/ATLAS_1361.nii.gz
ATLAS_1365,topk10;default1000;resenc_l,,3,/scratch/users/sciget/isles26challenge/work/nnunet_mapping3_oof_ensemble/folds/fold_0/ATLAS_1365.nii.gz
ATLAS_1368,topk10;default1000;resenc_l,,3,/scratch/users/sciget/isles26challenge/work/nnunet_mapping3_oof_ensemble/folds/fold_0/ATLAS_1368.nii.gz
ATLAS_1381,topk10;default1000;resenc_l,,3,/scratch/users/sciget/isles26challenge/work/nnunet_mapping3_oof_ensemble/folds/fold_0/ATLAS_1381.nii.gz
ATLAS_1393,topk10;default1000;resenc_l,,3,/scratch/users/sciget/isles26challenge/work/nnunet_mapping3_oof_ensemble/folds/fold_0/ATLAS_1393.nii.gz
ATLAS_1402,topk10;default1000;resenc_l,,3,/scratch/users/sciget/isles26challenge/work/nnunet_mapping3_oof_ensemble/folds/fold_0/ATLAS_1402.nii.gz
ATLAS_1406,topk10;default1000;resenc_l,,3,/scratch/users/sciget/isles26challenge/work/nnunet_mapping3_oof_ensemble/folds/fold_0/ATLAS_1406.nii.gz
ATLAS_1407,topk10;default1000;resenc_l,,3,/scratch/users/sciget/isles26challenge/work/nnunet_mapping3_oof_ensemble/folds/fold_0/ATLAS_1407.nii.gz
ATLAS_1413,topk10;default1000;resenc_l,,3,/scratch/users/sciget/isles26challenge/work/nnunet_mapping3_oof_ensemble/folds/fold_0/ATLAS_1413.nii.gz
ATLAS_1419,topk10;default1000;resenc_l,,3,/scratch/users/sciget/isles26challenge/work/nnunet_mapping3_oof_ensemble/folds/fold_0/ATLAS_1419.nii.gz
ATLAS_1422,topk10;default1000;resenc_l,,3,/scratch/users/sciget/isles26challenge/work/nnunet_mapping3_oof_ensemble/folds/fold_0/ATLAS_1422.nii.gz
ATLAS_1430,topk10;default1000;resenc_l,,3,/scratch/users/sciget/isles26challenge/work/nnunet_mapping3_oof_ensemble/folds/fold_0/ATLAS_1430.nii.gz
ATLAS_1434,topk10;default1000;resenc_l,,3,/scratch/users/sciget/isles26challenge/work/nnunet_mapping3_oof_ensemble/folds/fold_0/ATLAS_1434.nii.gz
ATLAS_1437,topk10;default1000;resenc_l,,3,/scratch/users/sciget/isles26challenge/work/nnunet_mapping3_oof_ensemble/folds/fold_0/ATLAS_1437.nii.gz
ATLAS_1442,topk10;default1000;resenc_l,,3,/scratch/users/sciget/isles26challenge/work/nnunet_mapping3_oof_ensemble/folds/fold_0/ATLAS_1442.nii.gz
ATLAS_1444,topk10;default1000;resenc_l,,3,/scratch/users/sciget/isles26challenge/work/nnunet_mapping3_oof_ensemble/folds/fold_0/ATLAS_1444.nii.gz
ATLAS_1451,topk10;default1000;resenc_l,,3,/scratch/users/sciget/isles26challenge/work/nnunet_mapping3_oof_ensemble/folds/fold_0/ATLAS_1451.nii.gz
ATLAS_1452,topk10;default1000;resenc_l,,3,/scratch/users/sciget/isles26challenge/work/nnunet_mapping3_oof_ensemble/folds/fold_0/ATLAS_1452.nii.gz
